{"step":null,"aza3a":4385833,"codes":["NDkzODc3NTUyNzYyMTA4MTU3MyZfMTAmX2Rsbngw","NDkzODc3NTUyNjQ3NTU5MDAyNCZfNSZfbW9oamFuMg==","NDkzODc3NTUyNjY1MzY4NDMxMiZfMyZfU2hha2Vib3Rz","NDkzODc3NTUyNTQ2MjA5NzE3OSZfNSZfSERBT08w","NDkzODc3NTUyNTQyNDM1MzE4NiZfNSZfbHJhcV9pOTc=","NDkzODc3NTUyNzQ4NTIxMDQ1MSZfNSZfZGxueDA=","NDkzODc3NTUyNzcwMTk3NTU1MCZfMyZfYnViZ19hbHNzbW1y","NDkzODc3NTUyNTg2MDI2NzA3NyZfNSZfUl9FX01fSVg=","NDkzODc3NTUyNTc5MDgzODg5MyZfMTAmX1JfRV9NX0lY","NDkzODc3NTUyNDU0ODkxNDA2MSZfMTAmX1NoYWtlYm90cw==","NDkzODc3NTUyNzMyMDQ4MjQ2MyZfNSZfU2hha2Vib3Rz","NDkzODc3NTUyNTYwMjMwOTAxMiZfNSZfSEFKS0M=","NDkzODc3NTUyNTYzNjcwNDM2OSZfMyZfSEFKS0M=","NDkzODc3NTUyNDgzMzA0ODA5MyZfMyZfSGFHczk5","NDkzODc3NTUyNTYzMTk5NTUxNyZfNSZfU3VTU3VzUw==","NDkzODc3NTUyNTEwMTgzNzA5MiZfNSZfdHRtcXE=","NDkzODc3NTUyNTIxOTg5OTU1OSZfNSZfU2hha2Vib3Rz","NDkzODc3NTUyNjExNzA4OTM5MSZfNSZfWl9ISDA=","NDkzODc3NTUyNDgwNzQzOTIxMiZfNSZfYnViZ19hbHNzbW1y","NDkzODc3NTUyNzM3ODE5Njc4OSZfNSZfYW5hczY2MA==","NDkzODc3NTUyNjEzNTY3MzA5NCZfNSZfYnViZ19hbHNzbW1y","NDkzODc3NTUyMzk5MDEyNjE5MCZfMTAmX1NoYWtlYm90cw==","NDkzODc3NTUyNTgwNzg3MzM5MiZfMTAmX1pfSEgw","NDkzODc3NTUyNjY2MzI1OTY0NSZfMTAmX3V1dXV2","NDkzODc3NTUyMzUxNTAwMzcxMSZfMTAmX01ZX2hpZGRlbg==","NDkzODc3NTUyNDg0OTYyMDU2MyZfNSZfWnV6enU=","NDkzODc3NTUyNTc4ODAwMTMwNCZfNSZfWl9ISDA=","NDkzODc3NTUyMzYwNTIxODYzNiZfNSZfYnViZ19hbHNzbW1y","NDkzODc3NTUyNTY3NzA2ODAzMCZfNSZfcmFmaXFhdF9hbHdpcmQ=","NDkzODc3NTUyNjAzOTkzNDM3NiZfNSZfbmF5MTgx","NDkzODc3NTUyNjgwMzc5OTEzOCZfNSZfZTBvMG8w","NDkzODc3NTUyNjkzMjI2MjY5NiZfNSZfSEVPQ1hC","NDkzODc3NTUyNzE5NjUyMzUwMSZfMTAmX1NoYWtlVGVtYQ==","NDkzODc3NTUyNzU5NzM2MDYzNSZfMTAmX0JvVGVlbw==","NDkzODc3NTUyNTY4NTk5NDA4NyZfMTAmX3V1dXV2","NDkzODc3NTUyNzc4NDM5Njk3MCZfMTAmX29lZWJvdDM=","NDkzODc3NTUyNjg4NTE3NzE0MyZfMTAmX2UwbzBvMA==","NDkzODc3NTUyNzYwOTk3MTg5MSZf2KjYqyZf2KjYr9ih","NDkzODc3NTUyNTAyMDY5MjQ0MyZfMTAmX2J1YmdfYWxzc21tcg==","NDkzODc3NTUyNTg2NzQ3MzM0MyZfMTAmX0JvVGVlbw==","NDkzODc3NTUyNjQzMDM4MjcwMiZfMSZfU2hha2Vib3Rz","NDkzODc3NTUyNjA1ODEzOTg3MyZfMTAmX1NoYWtlYm90cw==","NDkzODc3NTUyNjg0NzYxNTM0MSZfMTAmX29lZWJvdDM=","NDkzODc3NTUyNDczMzA0NDQ4MyZfMTAmX0FSTVk3Vg==","MTUwNzIxNzE0NTg1MDk5MTU2MSZfJl8=","NDkzODc3NTUyNDAyOTA5MjE4NiZfMTYwNSZfU1NTS0E=","NDkzODc3NTUyNDQwMTk0MzQxNyZfMSZfU1NTS0E=","NDkzODc3NTUyNDU4Njc2NDU5MyZfMTAmX1NTU0tB","NDkzODc3NTUyNTMzMTY4NTkxMCZfNSZfU2hha2Vib3Rz","NDkzODc3NTUyNTIxMDk2MTY0MCZfMTAmX3JhZmlxYXRfYWx3aXJk","NDkzODc3NTUyNDQwMzY4MDg2OCZfNSZfQVJNWTdW","NDkzODc3NTUyNTI3MTY3ODk3MSZfMTAmX0FSTVk3Vg==","NDkzODc3NTUyNjUwNzQyMDcwMyZfMTAmX2UwbzBvMA==","NDkzODc3NTUyNDI5NDE2MjYyNSZfNSZfQVJNWTdW","NDkzODc3NTUyNTQ2MjkyNjgwNCZfMTAmX1RlbXBsYXJfU291cmNl","NDkzODc3NTUyNDIzOTA1ODkzNCZfMTAmX25heTE4MQ==","NDkzODc3NTUyNzM4MDgxMjQ3MiZfMTAmX0JvVGVlbw==","NDkzODc3NTUyNjIzMTkxNDM3OCZfMTAmX3NoYWtldGVtYQ==","NDkzODc3NTUyNDg1OTU1NjY2MiZfMTAmX29lZWJvdDM=","NDkzODc3NTUyMzkxMzMwMTMwMiZfMTAmX3V1dXV2","NDkzODc3NTUyNTg1NTM1NzY1OCZfMTAmX2hvaG9obzEx","NDkzODc3NTUyNzQwNzY3NzE3NCZfMTAmX1cySUtBRkFKSQ==","MTUwNzIxNzE0ODk5NjUwMzM3NiZfJl8=","MTUwNzIxNzE0NjQ1ODUyNjcxOCZfJl8=","MTUwNzIxNzE0ODM1NjQ2Njk3OSZfJl8=","MTUwNzIxNzE0OTI3NTc1MjY0OSZfMSZfdXV1dXY=","NDkzODc3NTUyNzM4MjM4NTc0OSZfMTAmX3lvdXJtZTE=","NDkzODc3NTUyNzY0Njc5NDcyMCZfMTAmX3lvdXJtZTE=","NDkzODc3NTUyNjUyMzM0OTM0MyZfMTAmX01ZX2hpZGRlbg==","NDkzODc3NTUyNjg3NTExMDM4MyZfMTAmX2UwbzBvMA==","NDkzODc3NTUyNDcwNDg4MjY1MSZfMTAmX2UwbzBvMA==","NDkzODc3NTUyNDY4MTQ0NDAxOSZfNSZfZTBvMG8w","NDkzODc3NTUyMzk3OTY1MjIzMiZfNSZfYXN0YWFqa2ljZw==","NDkzODc3NTUyNzE5MDU1NzQ1MSZfMTAmX2JvdGVlbw==","NDkzODc3NTUyNzAxOTE0ODczOCZfMTAmX3NhMTBtZTIw","NDkzODc3NTUyNjkyNTYwMTc4MyZfMTAmX21haGR5X2NsbGlncmFoZXIxMjM=","NDkzODc3NTUyNDU3OTEyNTk3NiZfMSZfbWFoZHlfY2xsaWdyYWhlcjEyMw==","NDkzODc3NTUyNjkzNTU3MDUyNSZfMTAmX21haGR5XzIwMA==","NDkzODc3NTUyNTE5NDQ4NzM3OSZfMTAmX29lZWJvdDM=","NDkzODc3NTUyNzM5NTI5MTU3NyZfMS4mX1pfSEgw","NDkzODc3NTUyNjM3NDAxODQwMCZfMTAmX1pfSEgw","NDkzODc3NTUyNjIzNTkzMzkwOCZfMTAmX3phZGZnZw==","NDkzODc3NTUyNDY1MTc5Njc5MiZfNSZfa2Vlc2Ft","NDkzODc3NTUyNjY1NzY0MjY1MSZfNSZfWENWSklJ","NDkzODc3NTUyNzU2NTM2OTc1NyZfMTAmX2pvcmRhbm1hcmVkOTA=","NDkzODc3NTUyNjMyNzEwMDUwOSZfNSZfam9yZGFubWFyZWQ5MA==","NDkzODc3NTUyNjc1OTgxNzEyMCZfNSZfRTExRTEx","NDkzODc3NTUyNzI4MzA5OTQyNiZfNSZfQUtEVUg=","NDkzODc3NTUyNDQ5OTA4ODAyNiZfNSZfT29zaGFwb08=","NDkzODc3NTUyNDQxMDE1NTgwNyZfNSZfbGwwbGkw","NDkzODc3NTUyNTQ0MzIzNDc2OSZfNSZfZTBvMG8w","NDkzODc3NTUyNjczMTc1MjY1MyZfNSZfYWxpX3NuYW4=","NDkzODc3NTUyNzM4MDU1MTIwOSZfNSZfc3VuZmxvd2VyMjYy","NDkzODc3NTUyMzYzMzI0MjAzNSZfNSZfc2hldG9fSm8=","NDkzODc3NTUyNDY5ODYxMjA5OCZfNSZfdGVtcGxhcl9Tb3VyY2U=","NDkzODc3NTUyMzk4NDg2MTkxMSZfNSZfc2hha2Vib3Rz","NDkzODc3NTUyNjQ3NDEwNjM3NSZfNSZfbWVtZV9qNDQ=","NDkzODc3NTUyNjAxMTI4OTY5OSZfMSZfbm5uNW4=","NDkzODc3NTUyNTg2NDQ1NDY4NSZfNSZfUUtLS0s0","NDkzODc3NTUyNDA2NzUyODc3NCZfNSZfaXFzaG9wN3I=","NDkzODc3NTUyNDAzNzY3ODExOSZfNSZfeGhfaGho","NDkzODc3NTUyMzk3NTAzMzE4NyZfNSZfdXU0NHV1","NDkzODc3NTUyNDI1Njk0NzY1NSZfNSZfc2hha2Vib3Rz","NDkzODc3NTUyNTYyMDkwMDA0MSZfMTAmX3NoYWtlYm90cw==","NDkzODc3NTUyNjYxMTIzMDAyNiZfNSZfbDA3NGw=","NDkzODc3NTUyNTM1MDI4MzA5MyZfNSZfU3Rvcmllc3RvdHRp","NDkzODc3NTUyNjg4MDUzODI0MSZfNSZfc2hha2U=","NDkzODc3NTUyNTk2MDc5MzI0OCZfNSZfT29zaGFwb08=","NDkzODc3NTUyNDA5MDk1NzA4OSZfMTAmX29lZWJvdDM=","NDkzODc3NTUyNTQ5NDc0MDg1NCZfMTAmX2FuYXM2NjA=","NDkzODc3NTUyNjEzOTU5MDY2MSZfMiZfc2hha2Vib3Rz","NDkzODc3NTUyMzY2MjMwOTI0MSZfMSZfc2hha2Vib3Rz","NDkzODc3NTUyNjE2ODQ0NTk4MSZfMTAmX3NoYWtlYm90cw==","NDkzODc3NTUyMzc0Mjc3MTY5OSZfMTAmX3Zza3kw","NDkzODc3NTUyNDc2MjgwNzU4MiZfNSZfaF83bnM=","NDkzODc3NTUyNTQyMjQ5OTA1NSZfNSZfb3h5Z25fODk="],"bth_name":".","bth_key":null,"bth_text":"\u0627\u0646\u0636\u0645 \u0641\u064a \u0627\u0644\u0642\u0646\u0627\u0629 @oxygn_89 \u2705\u060c\n\u0648\u0627\u062d\u0635\u0644 \u0639\u0644\u0649 5 \u0646\u0642\u0637\u0629 \ud83d\udcb0.","bth_id":4381781,"bthoth":{"4200890":{"key":"code_NDkzODc3NTUyNjE2ODQ0NTk4MSZfMTAmX3NoYWtlYm90cw==","name":"-","text":"\u0627\u0646\u0636\u0645 \u0641\u064a \u0627\u0644\u0642\u0646\u0627\u0629 @shakebots \u2705\u060c\n\u0648\u0627\u062d\u0635\u0644 \u0639\u0644\u0649 10 \u0646\u0642\u0637\u0629 \ud83d\udcb0."}},"sell":"on","kicks":["UW3_Z","XNXXCW","A_ASOER","AGBJJWBKH","H_QQW","KIM_SUNG","XNXXCCC","DEV5CH","AVAAAA","XXK98","BBXXR","ISUPERFUCKING","MOSTAFAALMTAWER","FFRRBOTS","FOR_123","XX_69XX","YYL7LYY","AX11AX","NASSALDHKA","Y4BBOT","ZCVCZV","NSJSNZBZBZ","AFLAM1000","YKBBOT","ZAZVZ","HBANDHRB","OEEBOT4","MT_18_18",".SBB_OA","LAAA4","GISBSK7G","KKKKKKK999966","SLLLL19","SS11SS11SSU","BABABABAAF","XNXNXN_X","KKAASS11223","QQQQ1111115","FIQLMS","SEXXNET","SEX_SNS","SOSO_XX9","M1_ZS","LLXX_XXLL1","TSHAKEX","ZEROSHA269","NONONONOMMLL","LLKKJJHHGGZC","XN_XX3K","XKXEXXX"," NNNN44445","R_A_N_AA","STYAN_IQ","XNXX1940","DUEHU","OM_MRREEAM","SEXALARAB1","VICTORESHAKE","FLEAR_SHAKE","MSOSGDSNAH","XXXXXXNT","HYVBOT","XNXX_TAEM"]}