{"step":null,"bth_name":"\u0627\u0646\u0636\u0645 \u0641\u064a \u0627\u0644\u0642\u0646\u0627\u0629 @shakebots \u2705\u060c\n\u0648\u0627\u062d\u0635\u0644 \u0639\u0644\u0649 1 \u0646\u0642\u0637\u0629 \ud83d\udcb0.","bth_id":99809,"bth_key":null,"bthoth":{"6148521":{"key":"code_NDkzODc3NTUyNDk2MjgxOTI5NyZfNSZfZGlsZWtyeg==","name":"@dilekrz","text":"\u0627\u0646\u0636\u0645 \u0641\u064a \u0627\u0644\u0642\u0646\u0627\u0629 @dilekrz \u2705\u060c\n\u0648\u0627\u062d\u0635\u0644 \u0639\u0644\u0649 5 \u0646\u0642\u0637\u0629 \ud83d\udcb0."},"6160530":{"key":"code_NDkzODc3NTUyNDg1Njk4ODA4NCZfNSZfcG5ubm4=","name":"@pnnnn","text":"\u0627\u0646\u0636\u0645 \u0641\u064a \u0627\u0644\u0642\u0646\u0627\u0629 @pnnnn \u2705\u060c\n\u0648\u0627\u062d\u0635\u0644 \u0639\u0644\u0649 5 \u0646\u0642\u0637\u0629 \ud83d\udcb0."}},"codes":["MTUwNzIxNzE0NzQ1NjcxMTAzNyZfJl8=","NDkzODc3NTUyMzc2NzE4MzMwMiZfNSZfc2hha2Vib3Rz","NDkzODc3NTUyNTI2MTg2OTE1NiZfNSZfc2hha2Vib3Rz","NDkzODc3NTUyNjQ2Njg0ODA5OSZfNSZfdXV1dXY=","NDkzODc3NTUyNzQ3ODMwNjEyNSZfNSZfUFpfWlA=","NDkzODc3NTUyMzk4MDYyOTUzMCZfNSZfY1RUVFRM","NDkzODc3NTUyNTAwNDgzNTY5NiZfNSZfY1RUVFQ=","NDkzODc3NTUyNTkwNzQ2NTI1MiZfNSZfY1Q=","NDkzODc3NTUyNTQzMDQ1MTUyMiZfNSZfYw==","NDkzODc3NTUyNzQ5OTM0NjU4NyZfNSZf","NDkzODc3NTUyNDg5OTIxOTc0MCZfNSZfQ3R0dA==","NDkzODc3NTUyNTc5Mzg5NDc5NCZfMiZfc2hha2Vib3Rz","NDkzODc3NTUyNTAyOTAzNTMyOSZfNSZfc2hha2Vib3Rz","MTUwNzIxNzE0OTEwOTY3NDQ2NCZfMTAmX3V1dXV2","MTUwNzIxNzE0OTIzMTEyMjE0OSZfMTDigbAwMDAwMDAmX3V1dXV2","MTUwNzIxNzE0NTU0MDg2OTE3MCZfMTAwMDAwMDAwMCZfdXV1dXY=","MTUwNzIxNzE0NzA1MDc4NTM3MCZfMTAwMDAwJl91dXV1dg==","MTUwNzIxNzE0NTc1NzY1MjA2NyZfMTAwMDAwMCZfdXV1dXY=","MTUwNzIxNzE0NjA4MDc5MjM4MyZfMTAwMDAwMCZfdXV1dXY=","MTUwNzIxNzE0NzgyNjExNTc4MiZfMTAwMDAmX3V1dXV2","MTUwNzIxNzE0ODgxNDY1MzY1NiZfMTAwMDAwMCZfdXV1dXY=","NDkzODc3NTUyNDc0ODA2MzM1OCZfNSZfY1RUVFRM","MTUwNzIxNzE0NzQ5NDI5MTkzMCZfMTAwMDAwJl91dXV1dg==","NDkzODc3NTUyNzMyODg3Mzg0MyZfNSZfc2hha2Vib3Rz","NDkzODc3NTUyNzYxMTgwODg2MyZfMTAmX3V1dXV2","NDkzODc3NTUyNTU5MDI2MjU2MSZfNSZfc2hha2Vib3Rz","NDkzODc3NTUyNjg3ODUyODgwNiZfMTAmX3V1dXV2","NDkzODc3NTUyNzYxMzQzMzYxMSZfNSZfc2hha2Vib3Rz","NDkzODc3NTUyNDAwOTUzODY2NyZfNSZfc2hha2Vib3Rz","NDkzODc3NTUyMzYxMDY1NTUzMSZfMTAmX2xsMGxpMA==","NDkzODc3NTUyNTM4MTMzMjcyNiZfNSZfbGwwbGkw","NDkzODc3NTUyNzM0NTg1MDYxMyZfMTAmX21hcmlvbXFh","NDkzODc3NTUyNjQ0NTEwMTY0OCZfNSZfbm9iaGNk","NDkzODc3NTUyNDUwMzk4NTg5NiZfNSZfU1I3YW1lZXI3","NDkzODc3NTUyNDU4MzgzODYwMyZfNSZfU1I3YW1lZXI3","NDkzODc3NTUyNTIxOTY5OTA2MyZfNSZfQVRTX09mZmVycw==","NDkzODc3NTUyMzUyNTExODc5MiZfNSZfdXV1dXY=","NDkzODc3NTUyNzA4ODkwMjI5OSZfNSZfQVRTX09mZmVycw==","NDkzODc3NTUyNjM1NjM3ODI5OSZfaiZfQVRTT0ZG","NDkzODc3NTUyNDUyMjc3ODM1MSZfNSZfQVRTT0ZG","NDkzODc3NTUyNzY5MDAzMTI2MiZfNSZfQVRTT0ZG","NDkzODc3NTUyMzc4Mjc3NDU2NiZfNSZfcW1hcjgw","NDkzODc3NTUyNDMwODAyNzM1NSZfNSZfeHN4c3N4","NDkzODc3NTUyNDI2MzAyNjMyNyZfNSZfb2VlYm90Mw==","NDkzODc3NTUyMzk5MTMwOTUzNSZfNSZfdXV1dXY=","NDkzODc3NTUyNTkyMzY1NzE0MiZfNSZfdXV1dXY=","NDkzODc3NTUyNjM3MDgwODU3NCZfNSZfQkFObDU=","NDkzODc3NTUyMzg1Mzg1MDQwMSZfNSZfbGluYTUzMA==","NDkzODc3NTUyNjEzODU0MTk0NCZfNSZfampjamo=","NDkzODc3NTUyNTEwNDc4MjIxMyZfMSZfQkFONWw=","NDkzODc3NTUyNjYxMDU3NDYxMyZfMTAmX0JBTjVs","NDkzODc3NTUyNjUzMzM5Mjc0NSZfNSZfenpueno=","NDkzODc3NTUyNDQ0Njg3MTg5NSZfMTAmX0JCbEJsbA==","NDkzODc3NTUyNDk5MDUzNDg2MyZfNSZfdDIwdGQ=","MTUwNzIxNzE0OTA4ODAyMTYxNSZfMTAwMCZfamF2YW4=","MTUwNzIxNzE0NTkzNjU5NzI4OCZfMTAwMDAmX2phdmFu","MTUwNzIxNzE0NjI5NTc2NDUwNyZfMTAwMDAwJl9zaGFrZWJvdHM=","NDkzODc3NTUyNTkxMjEyNDEyOCZfNSZfemVvYWJk","NDkzODc3NTUyNTYzOTgzMjEzOSZfNSZfQUxOQUlfQkFRRVI=","NDkzODc3NTUyNDkwMDg2NjkzNSZfNSZfQUxOYWkz","NDkzODc3NTUyNTc0MzYzMTM4MSZfNSZfdWlpdTFpaQ==","NDkzODc3NTUyNDY2MTYxNjc1MyZfNSZfZGlsZWtyeg==","NDkzODc3NTUyNDc2OTE2Mzc3OCZfNSZfQUxOYWkz","NDkzODc3NTUyNjQ5MzA1MTU0OCZfMTAmX3V1dXV2","NDkzODc3NTUyMzcyNDUxNDQxOSZfMSZfdXV1dXY=","NDkzODc3NTUyNDI3MTk2NDg0OCZfQCZf","NDkzODc3NTUyNzAwOTY1NDYwMSZfQGFsaSZf","NDkzODc3NTUyNTA1NjYzMzM1NiZfQGFsaXcmXw==","NDkzODc3NTUyNTY5MTQxNjM1NCZfQGFsaXcyJl8=","NDkzODc3NTUyNjE5Mzk5NjQ3NiZfQGFsaXcyaSZf","NDkzODc3NTUyNjk3OTU4MTYxNCZfMSZfYWxpdzJp","NDkzODc3NTUyNDM3MTQ3MTc0NSZfc2hhbGUmXw==","NDkzODc3NTUyNjI4NTc0MjIwOCZfc2hhbGVib3QmXw==","NDkzODc3NTUyNjQ0MDUxMzk0NCZfc2hhbGVib3RzJl8=","NDkzODc3NTUyNTc1ODM0NDM3NCZfMSZfc2hha2Vib3Rz","NDkzODc3NTUyNDM0NzAwOTQ4OSZfMTAmX3NoYWtlYm90cw==","NDkzODc3NTUyNjM3MzQ1MDg4MiZfMTAmXw==","NDkzODc3NTUyNDczNzY2NDQ3MiZfMTAmX3c=","NDkzODc3NTUyNDAyMzAwMjk2NiZfMTAmX3cy","NDkzODc3NTUyNjA5MDc3OTY0OCZfMTAmX3cyaQ==","NDkzODc3NTUyNDc5Mzg3MTA4NSZfMTAmX2Fs","NDkzODc3NTUyMzU3MjQyOTkyMyZfMTAmX2FsaXc=","NDkzODc3NTUyNDg1ODY3NDI5MiZfMTAmX2FsaXcy","NDkzODc3NTUyNTM3NjMyNDg2MyZfMTAmX2FsaXcyaQ==","NDkzODc3NTUyMzk3MTMxOTM3OCZfMTAmX2FsaQ==","NDkzODc3NTUyNzI1NzU0MDYyNiZfdyZf","NDkzODc3NTUyNjA5MjY4NzI2MiZfdzImXw==","NDkzODc3NTUyNDA0NDg2NzQ5MiZfYWxpJl8=","NDkzODc3NTUyNzA3NDc4MzgwOSZfMTAmX0FsaXcyaQ==","NDkzODc3NTUyNDU4ODYwMTc5OSZfNSZfb2VlYm90Mw==","NDkzODc3NTUyNzM3ODExMTI1MiZfMTAmX29lZWJvdDM=","NDkzODc3NTUyMzU1OTExMDg1MCZfMjAmX3V1dXV2","NDkzODc3NTUyNDc4NDA4Mzk5MyZfdyZfb2VlYm90Mw==","NDkzODc3NTUyNTMxMDg3OTkzMCZfMjAmX29lZWJvdDM=","NDkzODc3NTUyNDExNzQ5Mzc0MiZfMyZfb2VlYm90Mw==","NDkzODc3NTUyNDExNDYyOTA1MSZfMiZfb2VlYm90Mw==","NDkzODc3NTUyNzQwMTQ2NDYxMSZfMiZfYWxpdzJp","NDkzODc3NTUyNzI2MTYwMTI5MyZfMjAmX2FsaXcyaQ==","NDkzODc3NTUyNDgxOTMwMzcwOCZfMjAmX2RpbGVrcno=","NDkzODc3NTUyMzg3OTAwODYwNSZfNSZfVXV1dXY=","NDkzODc3NTUyNzQzMDczODYzNCZfNSZfZGlsZWtycw==","NDkzODc3NTUyNTg4NDYxMTgwNyZfNSZfZGlsZWtyeg==","NDkzODc3NTUyNzc2NDg2MTAzOCZfNSZfYWxpdzJp","NDkzODc3NTUyNDI4Njc1NzgxMCZfNSZfc2hha2Vib3Rz","NDkzODc3NTUyNjk1Mzk1MTY0NyZfNiZfemFpZHphaG8=","NDkzODc3NTUyNDk2MjgxOTI5NyZfNSZfZGlsZWtyeg==","NDkzODc3NTUyNDg1Njk4ODA4NCZfNSZfcG5ubm4=","NDkzODc3NTUyNDg2Mzk1NDY1MCZfNSZfc2hha2Vib3Rz","NDkzODc3NTUyNjQyNjM1NzA1MyZfNSZfcF9lZXBw","NDkzODc3NTUyNTY4NjE4MjM4NCZfNSZfcF9lZXBw","NDkzODc3NTUyNjM2MjU3MTM4NyZfNSZfUEtFRVBQ","NDkzODc3NTUyMzUxMjM4NDA0NCZfNSZfc2hha2Vib3Rz","NDkzODc3NTUyNTQ2NTY0ODY4NSZfLiZfdXV1dg==","NDkzODc3NTUyNzI4Mzc3MTY0NSZfLmNvbSZfdXV1dg==","NDkzODc3NTUyNTM4NjE4Mjc2NiZfLmMmX3V1dXY=","NDkzODc3NTUyNDQ2MDg1MjY5NSZfbSZfdXV1dg==","NDkzODc3NTUyNjkxMTAxNTY5MyZfNSZfdXV1dXY="],"sell":"on","bth_text":"\u0627\u0646\u0636\u0645 \u0641\u064a \u0627\u0644\u0642\u0646\u0627\u0629 @shakebots \u2705\u060c\n\u0648\u0627\u062d\u0635\u0644 \u0639\u0644\u0649 1 \u0646\u0642\u0637\u0629 \ud83d\udcb0.","kicks":[-1001189607062,-1001336003933,"-1004936675500579079769",-1001294088870,-1001393288192,-1001477659026,-1001304325629,-1001465029887,-1001459367353,-1001298659687,-1001280979778,-1001430186557,-1001303185336,-1001248616642,"-1005680279445688458338","-1005188868855205863979"],"aza3a":196210,"linkp":5}