{"TOMMY_SHAKE":1,"KEAN3":1,"AKABER2":1,"VICTORY_SHAKE":1,"KAR_SHAKE":1,"VV0BQ":1,"SOOSOOROSH":1,"NOOR313BK":1,"MJ_7II":1,"WWWYHQK":1,"XXZC_VN":1,"OEEBOT3":1,"M16_SHAKE":1,"WIIN_SHAKE":1,"SK12_SHAKE":1,"USSHAKE":1,"GJGCHH":1,"D_D55":1,"NOOR_BK96":1,"HH_HHH4":1,"YUBBLB":1,"XHXICK":1,"LLYFAQX":1,"QUOTES_05":1,"MAHAFEFFTIME":1,"QQ_HQ":1,"SROO_3":1,"SIAHJ":1,"VVI7V":1,"NCT127N":1,"M_M_49":1,"ALIW2I":1,"AHMED3ALKURDI":1,"QWERTUOPP":1,"OKKKKKKKKKKKKKKKKKKKKKK_NOOOOO":1,"NNNNN_V":1,"LSOLBOT":1,"SARMEM_FCB":1,"ISRAIN":1,"QUOTES_04":1,"EYADKS":1,"K8K77":1,"LRRRRR":1,"XH_HHH":1,"XO_GO":1,"ROMANTICCLAUSES2020":1,"SY_OO":1,"JOAPK":1,"SBB_OA":1,"HBBB6":1,"AZXAZ_BOT":1,"ROSHST":1,"Y7VY7V":1,"AAFF77SS":1,"IIQURAN2":1,"ALHABUALSARAMDIU":1,"COLORYOURLIFEH":1,"MOVIESFOFA":1,"RUIPDIO":1,"TDTDX":1,"SIXKVKD":1,"PORNOFILM_SEXYGIRL_LESBIAN_LEZEX":1,"ANIME1KINGDOM":1,"SUKRAYAMY":1,"LOVE4EVER11":1,"KMAR6":1,"Z0I0_20":1,"VBB5B":1,"JACKIY18":1,"LOOLY799":1,"SAGR770017246":1,"MERO_87":1,"H9MDAN":1,"NOOR_MOHAM22":1,"EVAIQ":1,"ASSRAA313O":1,"AME_RA3":1,"BUIIIIIY":1,"XLLLXL2":1,"V_Q_I_M":1,"R_OXL":1,"KH_LOVE1":1,"JEJEKRCR7":1,"CALMM2510":1,"XYYXA":1,"GNOONIH":1,"SSVVNNMM":1,"SPIRITNOISE":1,"ATABAAAAT":1,"N0OR_05":1,"LEMON998":1,"HLL3LL":1,"PTOTI":1,"A888_B":1,"SNLY8":1,"ISZRL":1,"MHND2210":1,"WEXCA":1,"SDFFGGGHHF":1,"WIIURR":1,"MDJHDKHGDVDJJGSNNJXJ":1,"LL0XX9":1,"AYOPMG":1,"JJSDDJDJ":1,"ZOOZ7100":1,"DZX12":1,"SH0A53":1,"E_CRYING_M":1,"TLIVO":1,"AINMN":1,"A_AF_A":1,"BIO_YY":1,"LOVEYOU_ASKIM":1,"ARAFARAJ1":1,"XRA_8":1,"MYLOVE_HSH":1,"J_I_JM":1,"LAETK_97":1,"AAMM_20":1,"IIIIEE":1,"SWEETGIRL_26":1,"IEFEYL":1,"WRITER_313":1,"Z_YAMAHDI_313":1,"MARTADA_TT":1,"Y_Y_Y_67":1,"S_88_88":1,"CCIVW":1,"SHOORT_STOORY":1,"ANOOB22":1,"RNOXLL":1,"GHYMH4":1,"LLII0T":1,"RO4_T8":1,"PRINCESSA_ZHRA":1,"SENORITA_ROS":1,"ASRRA_A":1,"GNRAIL_511":1,"TML66":1,"NADMAN_QLBI":1,"ALIAHMED8901":1,"WLUXSA":1,"L0HLL":1,"DOASHA98":1,"H_I_I":1,"AYOO008":1,"LIFELIFE124":1,"NOORBTK":1,"FAPIO_0":1,"O_OFK":1,"NAAE997":1,"HAYA28ABS":1,"WESSAM7771":1,"IUO6T":1,"GIFSFOR":1,"MHMH93M":1,"MNHAL950":1,"CARLIN2":1,"TEMPLAR_SOURCE":1,"QIIIIA":1,"TAGMQ":1,"ROROSHALABY":1,"TENHEDA":1,"Z3IXX":1,"FFYJKL":1,"VIPWORLD_S7":1,"ARABIANFEMALE":1,"AMEZAW":1,"TERIAQ_SK":1,"FATOMAMALK7":1,"IRRI_R":1,"HE_HG":1,"ITRMD":1,"F_FA_F":1,"WAELXZ":1,"FO7REVER":1,"GO_GOA":1,"YOUSIF11111111111111":1,"SDAM_9":1,"U0X16":1,"AZERSW":1,"YDCYCYY":1}